Part ID,Original Name,Alternative Name,Location,Model,Notes
1100342,BEARING - BALL,Ball Bearing,"Trailing Arm , Rear Wheel Axle",Carb FI FL,
6191089,GRIP - HAND FOR CLASSIC,Hand Grip,,ALL,
18201044,LAMP :- 12V - 10W - R 10W (6201083),Reverse Light,Tail Lamp - Middle,Carb FI FL,
20201029,"LAMP :- 12V - 21/5W, P 21/5W",Brake Light,Tail Lamp - Bottom,Carb FI FL,
20201029,"LAMP :- 12V - 21/5W, P 21/5W",Park Light,Tail Lamp - Bottom,Carb FI FL,
22170115,SEAL - OIL,Oil Seal,Front Axle,Carb FI FL,Metal
22170434,BOLT FOR AXLE,Stud Bolt,All Wheels,Carb FI FL,
22171007,SEAL - OIL,Seal Oil,"Rear Wheel Axle , Propeller Shaft",Carb FI FL,Atubangan
24130105,BEARING - BALL,ball bearing,Cranckcase,Carb FI FL,
24151097,KIT: MAJOR :- TMC,Kit Major TMC,"Brake Master , TMC",Carb FI FL,
24151098,KIT: MINOR :- TMC,Rubber Cap,"Brake Master , TMC",Carb FI FL,
24151108,KIT : MINOR WHEEL CYLINDER,Rubber Cap,Front Wheel,Carb FI FL,
24151113,KIT- MAJOR WHEEL CYLINDER-REAR,Kit Major TMC,Rear Wheel,Carb FI FL,
24151114,KIT-MINOR WHEEL CYLINDER-REAR,Rubber Cap,Rear Wheel,Carb FI FL,
24151163,CYLINDER ASSY WHEEL COMP FR,Brake Cylinder,Front Wheel,Carb FI FL,
24151164,CYLINDER ASSY WHEEL COMP REAR,Brake Cylinder,Rear Wheel,Carb FI FL,
24151168,ASSEMBLY AUTO ADJUSTER FRONT,Adjuster,Front Brakes,Carb FI FL,
24151173,KIT SPRING FRONT & LH,Kit Spring,"Front Brakes , Rear Left Brakes",Carb FI FL,
24151174,ASSEMBLY BACK PLATE REAR LH,Back Plate,Rear Left Wheel,Carb FI FL,
24151175,ASSEMBLY AUTO ADJUSTER LH,Adjuster,Rear Left Brakes,Carb FI FL,
24151179,ASSEMBLY AUTO ADJUSTER RH,Adjuster,Rear Right Brakes,Carb FI FL,
24151182,KIT SPRING RH,Kit Spring,Rear Right Brakes,Carb FI FL,
24151221,ASSEMBLY BRAKE PIPE REAR-2 FL,Brake Pipe Assembly,,Carb FI FL,
24151221,ASSEMBLY BRAKE PIPE REAR-2 FL,Copper Tube,,Carb FI FL,
24151234,HOSE REAR CIRCUIT-1 FL,Brake Hose,,Carb FI FL,Brake pipe assembly to brake master
24151266,AXLE ASSEMBLY WHEEL FRONT,Front Axle,Front Wheel,Carb FI FL,
24151268,BRAKE SHOE KIT (ASK LINING) (24151171 WITH SPRING),Brake Shoe,All Wheels,Carb FI FL,
24151299,ASSEMBLY BRAKE RESERVOIR (24151290),Brake Fluid Container - Dikit,,,
24151299,ASSEMBLY BRAKE RESERVOIR (24151290),Oil Container - Dikit,,,
24165116,ASSEMBLY STEERING COVER REFL,Center Cover,Front of Vehicle,ALL,
24170508,REAR SUSPENSION SPRING,Shock Absorber Spring,Rear Wheel,Carb FI FL,
24171024,SEAL - OIL :- 48 DIA.,Oil Seal,Rear Wheel Axle,Carb FI FL,Likod
24171055,BUSH - RUBBER FOR REAR SHOCKABSORBER,Bushing,Rear Shock Absorber,Carb FI FL,Top Bushing
24171094,SHOCK ABSORBER ASSEMBLY - REAR,Rear Shock Absorber,Rear Wheels,Carb FI FL,
24171117,BOLT HEXAGON WTTH FLANGE,Drain Plug,"Front Brake Disk , Differential",Carb FI FL,
24171117,BOLT HEXAGON WTTH FLANGE,Allen Bolt,"Front Brake Disk , Differential",Carb FI FL,
24171179,ASSEMBLY ARM TRAILING LH,Swing Arm - LEFT,Rear Wheel,Carb FI FL,
24171180,ASSEMBLY ARM TRAILING RH,Swing Arm - RIGHT,Rear Wheel,Carb FI FL,
24171201,BEARING NEEDLE,Stick Bearing,Pivot Pin,Carb FI FL,sold in pairs
24201472,ASSEMBLY TAIL LIGHT LH REFL,Tail Lamp Assembly  - LEFT,,Carb FI FL,
24201473,ASSEMBLY TAIL LIGHT RH REFL,Tail Lamp Assembly - RIGHT,,Carb FI FL,
24201477,LENS TAIL LIGHT LH REFL,Back Lens - LEFT,,Carb FI FL,
24201487,ASSEMBLY SIDE INDICATOR FRONT LH,Front Signal Light - LEFT,,Carb FI FL,
24201488,ASSEMBLY SIDE INDICATOR FRONT RH,Front Signal Light - RIGHT,,Carb FI FL,
24201499,LENS TAIL LIGHT RH REFL,Back Lens - RIGHT,,Carb FI FL,
24230185,FLAP - MUD,Mud Gaurd,Tapalodo / Front Wheel,Carb FI FL,
24231713,ASSEMBLY KNOB FOR REAR DOOR,Knob,Rear Doors,Carb FI FL,
30101185,RING - O,O-Ring,Pivot Pin,Carb FI FL,sold in pairs
30151039,BEARING - BALL,Ball Bearing - Gamay,Diferential,Carb FI FL,
31101019,COLLET,Valve Lock,Rocker Arm Assembly,FI FL,
39029615,NUT - HEXAGON :- M10 (ALT 39031215),Hexagon Nut,All Wheels,Carb FI FL,
39029615,NUT - HEXAGON :- M10 (ALT 39031215),Stainless Nut,All Wheels,Carb FI FL,
39034217,CIRCLIP - INTERNAL,Circlip,Rear Axle,Carb FI FL,
39042606,PIN - SPRING TYPE STRAIGHT,Reverse Pin,,Carb FI FL,
39103519,SEAL - OIL,Valve Seal,Rocker Arm Assembly,Carb FI FL,
39118215,NUT,Nut,"Propeller Shaft , Wheel Side Flange",Carb FI FL,
39138904,BOLT - HEXAGON :- M8 X 1.25,Bolt,Oil Container,Carb FI FL,
39143520,BEARING - NEEDLE ROLLER,Needle Bearing,Differential,FI FL,
39153721,RING - O,O-Ring,Clutch Cover,FI FL,
39172104,BOLT - FLANGED,Bolt,Clutch Cover,FI FL,
39186919,SEAL - OIL :- 15 X 24 X 5,Oil Seal,"Differential Cover , Crankcase",FI FL,Gawas
39193120,BEARING - BALL :- 28 X 68 X 18,Side Bearing,Connecting Rod,Carb FI FL,
39196304,BOLT - FLANGED :- SMALL,Bolt,Clutch Cover,Carb FI FL,
39235717,CIRCLIP - INTERNAL,Circlip,Pivot Pin,Carb FI FL,sold in pairs
39262921,O-RING,O-Ring,Spark Plug Sleeve,Carb FI FL,
52240764,ASSEMBLY WHEEL RIM 24151110 )( 24151285 ),Rim,All Wheels,ALL,
52244040,ED COATED FR MUDGUARD AA161183,Tapalodo,Front Wheel,ALL,
59200012,BEARING - NEEDLE (SL 35 20 ),Needle Bearing,Rear Wheel Axle,Carb FI FL,Atras
36AA4025,KIT FRICTION PLATE KIT (ANTI JUDDER-RE2),Clutch Lining,Clutch Plate Assembly,Carb FI,
36AA4028,KIT IGNITION SWITCH (AA201254) WITH KEY,Ignition Switch,,FI FL,
36AA4032,KIT_CONNECTING ROD 4S FL,Connecting Rod,Crankshaft Assembly,FI,
36AA4132,KIT CONNECTING ROD,Connecting Rod,Crankshaft Assembly,FL,
36AN0016,KIT RING PISTON RE4S CHROME PLTD (EXP),Piston Ring,Piston Assembly,FI FL,
36AU0001,KIT CYL BLOCK PISTON ASSLY,Bore Kit,Piston Assembly,FI FL,
36BA4039,KIT PIVOT PIN WITH GREASE HOLE,Pivot Pin,Pivot Pin,Carb FI FL,
36BA4042,KIT SLIDER BLOCK (OLD-36AL0001),Slider Block Kit - SMOOTH,Propeller Shaft,Carb FI FL,
36BA4043,KIT SLIDER BLOCK WITH PIN (OLD- 36AL0001),Slider Block Kit - w/ GROOVE,Propeller Shaft,Carb FI FL,
36RA0002,KIT FRICTION PLATE - 236,Clutch Lining,Clutch Plate Assembly,FL Maxima,
36RA0013,"CYL BLOCK PISTON ASSLY- PL,LPG",Bore Kit,Piston Assembly,Maxima,
AA101471,WHEEL CLUTCH,Clutch Wheel,Clutch Plate Assembly,Carb FI FL,
AA101472,PLATE - CLUTCH,Clutch Plate,Clutch Plate Assembly,Carb FI FL,
AA101473,HUB - CLUTCH,Clutch Hub,Clutch Plate Assembly,Carb FI FL,
AA101592,CLUTCH HOUSING ASSY,Clutch Housing,Clutch Plate Assembly,FI FL,
AA101593,CLUTCH COMPLETE (AA101598),Clutch Assembly,Clutch Plate Assembly,FI FL,
AA101816,RUBBER ISOLATOR,Engine Support,,FI FL,Kilid na support
AA101844,SEAL - HEAD COVER,Gasket,,Carb FI FL,plastic gasket
AA101859,VALVE INTAKE,Barbola - Intake,,FI FL,
AA101860,VALVE EXHAUST,Barbola - Exhaust,,FI FL,
AA101865,PISTON ASSEMBLY,Piston w/ Ring,Piston Assembly,FI FL,
AA101939,BRACKET CABLE CLUTCH,Cable Bracket,Clutch Cable,,for extensions
AA102026,COVER DIFFERENTIAL,Differential Cover,Differential,Carb FI,Old
AA102114,NUT CLIP,Clip sa Tambotso,Tambotso,Carb FI FL,
AA102209,COVER DIFFERENTIAL,Differential Cover,Differential,FL,
AA102435,GEAR SATELLITE,Satellite Gear,,Carb FI FL,
AA111079,COVER ASSEMBLY - END COVER,Carbon Brush w/ Cover,Motor Starter,Carb FI FL,
AA111085,KIT - BRUSH BOX ASSEMBLY,Carbon Brush w/ Cover,Motor Starter,Carb FI FL,
AA111094,GEAR SHAFT ASSLY(EXEND CASTING),Bindex,Motor Starter,Carb FI FL,
AA111147,CAP SPARK PLUG SOLID POST,Onsoy-Onsoy,,,
AA111153,PLUG SPARK WITH SOLID POST-FMG (AA111154),Spark Plug,,Carb FI FL,
AA111156,ASSEMBLY CDI MULTI MAP -GASOLINE,CDI,,Carb,
AA111192,ROTOR ASSEMBLY,Fly Wheel,,,
AA111194,STATOR ASSEMBLY,Stator Coil,,FI FL,
AA121336,OIL PUMP ASSEMBLY ( AA121060 NEW ),Oil Pump,,ALL,
AA141200,PIPE ASSEMBLY TANK-MANIFOLD,Fuel Tank Pipe,Fuel Tank,FL,
AA151039,HOSE BRAKE FRONT FL,Front Brake Hose,"Brake Master , TMC",Carb FI FL,brake master to front tire
AA151047,HUB FRONT WHEEL,Wheel Hub - FRONT,Front Wheel,FI FL,
AA151057,ASSEMBLY FRONT CABLE (BG131802 - OLD),Brake Cable (gamay),,,brake cable to handle
AA151059,ASSEMBLY REAR CABLE,Hand Brake Cable,,Carb FI,Black
AA151083,CABLE BRAKE PARKING REAR,Hand Brake Cable,,FL,White
AA161190,HOUSING HEADLAMP LH REFL,Headlamp Cover LEFT,,ALL,
AA161191,HOUSING HEADLAMP RH REFL,Headlamp Cover RIGHT,,ALL,
AA171006,BUSH - SILENT FOR TRAILING ARM,Bushing,Trailing Arm,Carb FI FL,
AA191032,LEVER - CLUTCH,Clutch Lever,,ALL,
AA191092,CABLE CLUTCH COMPLETE,Clutch Cable,,ALL,
AA191115,CABLE REVERSE LEVER,Reverse Cable,,Carb FI FL,
AA191117,SPRING TENSION REVERSE CONTROL,Reverse Spring,,Carb FI FL,
AA201185,BOX ASSEMBLY WITH FUSE RE4S (AN201012),Fuse Box,,Carb,
AA201239,HORN DC 12V WITH TRANSIL DIODE,Horn,,ALL,
AA201325,SWITCH OIL PRESSURE,Oil Sensor,,Carb FI,
AA201363,TANK UNIT(BH402600),Floater,,Carb,
AA201375,PUMP FUEL MODULE FI,Fuel Pump,,ALL,
AA201383,TANK UNIT-FI,Floater,,FI FL,
AA201384,BOX ASSEMBLY-FUSE,Fuse Box,,FI,
AA201407,REGULATOR ASSEMBLY FI,Regulator,,FI,
AA201501,SWITCH PRESSURE OIL,Oil Sensor,,FL,
AA201582,BOX ASSEMBLY FUSE,Fuse Box,,FL,
AA221042,SIDE MIRROR ( L ),Side Mirror - LEFT,,ALL,
AA221043,SIDE MIRROR ( R ),Side Mirror - RIGHT,,ALL,
AA231320,HOOD COMPLETE BLACK (OLD - 24231605),Hood,,ALL,
AB101067,CROSS,Cross Gear,,FI FL,
AB111107,YOKE AND MAGNET ASSEMBLY,Magneto,,ALL,
AB151054,CONTAINER - OIL WITH CAP,Brake Fluid Container - Lagka,,,
AB151054,CONTAINER - OIL WITH CAP,Oil Container - Lagka,,,
AB151079,SCREW - BLEEDER,Bleeder Screw,,Carb FI FL,
AB171044,SHOCKABSORBER ASSEMBLY COMPLETE - FRONT,Front Shock Absorber,,Carb FI FL,
AF101208,GEAR IDLER,Idler Gear,,FL,
AF101209,GEAR REVERSE,Reverse Gear,,FL,
AF101272,HEAD CYLINDER,Cylinder Head,,FL,
AF111021,STARTER MOTOR ASSY COMPLETE,Motor Starter,,ALL,
AF111031,CAP SPARK PLUG LH SOLID POST,Onsoy-Onsoy,,FI FL,
AF111032,CAP SPARK PLUG RH SOLID POST,Onsoy-Onsoy,,FI FL,
AF111050,COIL ASSEMBLY IGNITION RH,Ignition Coil,,FL,
AF161281,ISOLATOR,Engine Support,,tunga na support,
AF191012,CABLE ACCELERATOR COMPLETE FI,Throttle Cable,,FI,
AF191012,CABLE ACCELERATOR COMPLETE FI,Accelerator Cable,,FI,
AF201036,REGULATOR ASSEMBLY,Regulator,,Carb,
AF201094,SWITCH - BRAKE (SEALED DESIGN),Brake Switch,,ALL,
AF201262,RELAY STARTER ASSEMBLY,Starter Relay,,FL,
AL121062,ELEMENT AIR FILTER,Air Filter,,FI,
AL201012,RELAY HEAD LIGHT,Head Light Relay,,,
AL201119,HEAD LIGHT LH (SYM HS1),Head Lamp - LEFT,,,
AL201120,HEAD LIGHT RH (SYM HS1),Head Lamp - RIGHT,,,
AL241023,WIPER ARM BLADE ASSEMBLY,Wiper,Wiper Motor,Carb FI FL,
AM101171,GUIDE CHAIN TIGHT SIDE,Guide Chain,,,for timing chain 3
AM101172,GUIDE CHAIN SLACK SIDE,Guide Chain,,,for timing chain 3
AM101174,CHAIN,Timing Chain 3,,FL,
AN101135,GASKET CYLINDER,Bore Gasket,,,
AN101181,SLEEVE SPARK PLUG,Spark Plug Sleeve,,Carb FI,
AN101186,"GASKET, CLUTCH COVER",Clutch Gasket,,,
AN101250,PIN GUIDE CHAIN,Guide Chain Pin,,Carb FI,
AN101257,GUIDE CHAIN (TENSIONER SIDE),Tensioner Guide,,Carb FI,for timing chain 1
AN101328,GEAR REVERSE CONTROL,Reverse Gear,,Carb FI,
AN101338,IDLER GEAR,Idler Gear,,Carb FI,
AN101339,SHAFT MULTIPLE GEAR,Counter Shaft,,Carb FI,
AN101357,ASSY PISTON RE 205 FL GASOLINE,Piston Assembly,,Carb,
AN111013,STATOR ASSEMBLY(200CC),Stator Coil,,Carb,
AN121205,COOLER -OIL ( NEW AA102195 ),Oil Cooler,,FI,
AN131022,SPRING TENSION,Reverse Spring,,Carb FI FL,
AN191080,CABLE ACCELERATOR,Throttle Cable,,FL,
AN191080,CABLE ACCELERATOR,Accelerator Cable,,FL,
AP111023,SWITCH NEUTRAL INTEGRATED CABLE,Neutral Switch,,Carb FI FL,
AT351205,COIL ASSEMBLY IGNITION LH,ignition coil - LEFT,,FL,
AT531008,SPROCKET,sprocket crankshaft,,FL,
AU581406,PIPE ASLY TANK TO INTK MANIFOLD,Fuel Pipe,,Carb FI,
AU591002,ASSEMBLY EXHAUST TUBE-FI,Tube sa Tambotso,,FI,
AU611000,INJECTOR FUEL,Fuel Injector,,FI,
AZ131809,ASSLY BRAKE PIPE REAR 2,Brake Pipe Assembly,,Carb FI FL,
AZ131809,ASSLY BRAKE PIPE REAR 2,Copper Tube,,Carb FI FL,
AZ241401,ASSEMBLY HINGE SIDE DOOR LH UG,Side Door Hinge - LEFT,,FI FL,
AZ241402,ASSEMBLY HINGE SIDE DOOR RH UG,Side Door Hinge - RIGHT,,FI FL,
AZ511010,SLEEVE SPARK PLUG,Spark Plug Sleeve,,,
AZ521003,GASKET - CYLINDER HEAD,Bore Gasket,,Maxima,
AZ571226,COOLER OIL,Oil Cooler,,FL,
AZ611201,BODY THROTTLE ASSEMBLY,Throttle Body,,FL,
BA133058,BELLOW SPHERICAL LARGE ( 24131074 ),Rubber Boots,Propeller Shaft,ALL,
BA133062,RUBBER BUFFER-SBO 60 OZ ( OLD - BG141253 ),Rubber Buffer,Propeller Shaft,Carb FI FL,
BA133064,SLIDER BLOCK WITH CROSS HOLES,Cross,Propeller Shaft,Carb FI FL,
BB201078,LIGHT ASSY HEAD LH WITH LAMP FL,Front SIgnal Light Assembly - LEFT,,,
BB201105,LAMP ASSEMBLY TAIL-RH,Front SIgnal Light Assembly - RIGHT,,,
BF131722,BEARING 30X55X13,Ball Bearing,Rear Wheel Axle,Maxima,
BF551613,SEAL OIL,Oil Seal,"Differential , Differential Sd Flange",,
BF581419,SLEEVE MANIFOLD,Manifold,Throttle Body,Carb FI FL,
BH113411,RUBBER ISOLATOR,Engine Support,,,alternative to AF161281
BH131803,ASSEMBLY TMC WITH HOSE FL(24151258),Brake Master Assembly,Brake Master,Carb FI FL,
BH131803,ASSEMBLY TMC WITH HOSE FL(24151258),TMC Assembly,Brake Master,Carb FI FL,
BH184000,GLASS GREEN WINDSHLD ONE PIECEFL,Windshield,,,big white box
CL201023,LAMP :- 12V-35/35W-HS1 FOR USA,Head Light Bulb,Head Lamp,Carb FI FL,
DG201084,FUSE :- 30 AMPS (BLADE TYPE),Fuse - 30 Amps,,,
DH101180,LEVER ASSEMBLY,Cable Holder,Clutch Cable,,
DH101180,LEVER ASSEMBLY,Lever,Clutch Cable,,
DK101064,CAM CHAIN (100 LINKS),Timing Chain 1,,,
DK101503,ENGINE TEMPERATURE SENSOR (M10),Temperature Sensor,,FI FL,
DK101503,ENGINE TEMPERATURE SENSOR (M10),Coolant Sensor,,FI FL,
DK101755,ROCKER ARM ASSY.,Rocker Arm,,Carb,
DS101277,TENSIONER ASSEMBLY,Tensioner,,ALL,
I000001079,BAJAJ GENUINE OIL SPECIAL SAE 20-504W API SL,BGO-G,,ALL,
I000001079,BAJAJ GENUINE OIL SPECIAL SAE 20-504W API SL,Acete,,,
I000001862,BAJAJ GENUINE OIL ( MOTORCYCLE ),BGO-B,,ALL,
I000001862,BAJAJ GENUINE OIL ( MOTORCYCLE ),Acete,,,
JA541019,MESH FILTER OIL PUMP,Oil Filter,,ALL,net / strainer type
JD401032,BULB 12V 5W E-MARKED,Peanut Bulb,"Front Signal Light , Dashboard",ALL,
JG351805,SENSOR TMAP,TMAP Sensor,,,
JG611206,MOTOR STEPPER (IACV),Stepper Motor,,ALL,
JH511207,ASSEMBLY ROCKER ARM C101,Rocker Arm,,FI FL,
JL351218,PLUG SPARK,Spark Plug (for FL Single Spark),,FL,
JL403000,INTERLOCK RELAY,Brown Diode,,,
JL403001,RELAY AUX1DIODE,White Diode,,,for pump relay
JN351604,STARTER RELAY-GROMMET,Starter Relay,,Carb FI,
JP591065,SENSOR OXYGEN,O2 sensor,,FL,
KDDB1018,WASHER SPRING THIN,Lock Washer,All Wheels,ALL,
KPBC6204,BEARING-BALL-C3 CLEARANCE(39255020),Ball Bearing,Front Wheel Axle,Carb FI FL,dako
KPBC6301,BEARING-BALL-C3 CLEARANCE(39236220),Ball Bearing,Front Wheel Axle,Carb FI FL,gamay
LAC00008,SCREW BUTTON HEAD-M6X1XL20XBLACK,screw for wiper,Wiper,,
LAD00068,BOLT FLANGED-M10X1.25XL88XCL10.9,Bolt - Tambotso,Exhaust,,
RA511001,GUIDE CHAIN SLACK SIDE,Guide Chain,,,for timing chain 2
RA511002,GUIDE CHAIN TIGHT SIDE,Guide Chain,,,for timing chain 2
RA511202,CHAIN,timing chain 2,,,
YAU02001,STRAINER PUMP FUEL FOR AA201375,Fuel Filter,,Carb FI FL,
YAU02001,STRAINER PUMP FUEL FOR AA201375,Napkin,,Carb FI FL,